{"cameraMode":{"drawMode":0,"name":"Shaded","section":"Shading Mode"},"sceneLighting":false,"audioPlay":false,"sceneViewState":{"m_AlwaysRefresh":false,"showFog":true,"showSkybox":false,"showFlares":true,"showImageEffects":true,"showParticleSystems":true,"showVisualEffectGraphs":true,"m_FxEnabled":true},"in2DMode":false,"pivot":{"x":244.05384826660157,"y":85.6286849975586,"z":260.30572509765627},"rotation":{"x":-0.06513571739196778,"y":0.1565081924200058,"z":0.010344427078962326,"w":0.9854734539985657},"size":1.8108817338943482,"orthographic":false}